{
    "loss": 1.2991899251937866,
    "accuracy": 0.8529051987767584,
    "runtime": 116.0179,
    "samples_per_second": 28.185,
    "steps_per_second": 3.525,
    "epoch": 5.0,
    "latency_per_sample_ms": 35.4802,
    "total_samples": 3270,
    "task": "boolq",
    "method": "fft"
}