{
    "loss": 1.3234632015228271,
    "accuracy": 0.6927899686520376,
    "runtime": 7.1263,
    "samples_per_second": 89.528,
    "steps_per_second": 11.226,
    "epoch": 5.0,
    "latency_per_sample_ms": 11.1749,
    "total_samples": 638,
    "task": "wic",
    "method": "flex_tada"
}