{
    "loss": 0.5635544061660767,
    "accuracy": 0.7288401253918495,
    "runtime": 7.6334,
    "samples_per_second": 83.58,
    "steps_per_second": 10.48,
    "epoch": 5.0,
    "latency_per_sample_ms": 11.9702,
    "total_samples": 638,
    "task": "wic",
    "method": "lora"
}