{
    "results_qqp_static_tada": {
        "loss": 0.3347131311893463,
        "accuracy": 0.8534009398961168,
        "f1": 0.8114402061527693,
        "runtime": 22.3319,
        "samples_per_second": 1810.417,
        "steps_per_second": 56.601,
        "epoch": 5.0,
        "latency_per_sample_ms": 0.5524,
        "total_samples": 40430,
        "task": "qqp",
        "method": "static_tada"
    },
    "results_cola_static_tada": {
        "loss": 0.5151993632316589,
        "mcc": 0.3392550709703511,
        "runtime": 0.2391,
        "samples_per_second": 4362.553,
        "steps_per_second": 138.029,
        "epoch": 5.0,
        "latency_per_sample_ms": 0.2315,
        "total_samples": 1043,
        "task": "cola",
        "method": "static_tada"
    },
    "results_cola_fft": {
        "loss": 0.38826462626457214,
        "mcc": 0.5903776397502551,
        "runtime": 0.242,
        "samples_per_second": 4309.746,
        "steps_per_second": 136.358,
        "epoch": 5.0,
        "latency_per_sample_ms": 0.2344,
        "total_samples": 1043,
        "task": "cola",
        "method": "fft"
    },
    "results_mnli_lora": {
        "loss": 0.3518497347831726,
        "accuracy": 0.8635761589403973,
        "runtime": 7.1386,
        "samples_per_second": 1374.929,
        "steps_per_second": 43.006,
        "epoch": 7.0,
        "latency_per_sample_ms": 0.7276,
        "total_samples": 9815,
        "task": "mnli",
        "method": "lora"
    },
    "results_qnli_flex_tada": {
        "loss": 0.3226971924304962,
        "accuracy": 0.8588687534321802,
        "runtime": 4.3464,
        "samples_per_second": 1256.91,
        "steps_per_second": 39.343,
        "epoch": 4.0,
        "latency_per_sample_ms": 0.7961,
        "total_samples": 5463,
        "task": "qnli",
        "method": "flex_tada"
    },
    "results_mrpc_fft": {
        "loss": 0.3085007071495056,
        "accuracy": 0.8774509803921569,
        "f1": 0.9084249084249084,
        "runtime": 0.2664,
        "samples_per_second": 1531.535,
        "steps_per_second": 48.799,
        "epoch": 6.0,
        "latency_per_sample_ms": 0.6591,
        "total_samples": 408,
        "task": "mrpc",
        "method": "fft"
    },
    "results_rte_lora": {
        "loss": 0.5666521787643433,
        "accuracy": 0.703971119133574,
        "runtime": 0.2669,
        "samples_per_second": 1037.78,
        "steps_per_second": 33.718,
        "epoch": 9.0,
        "latency_per_sample_ms": 0.9726,
        "total_samples": 277,
        "task": "rte",
        "method": "lora"
    },
    "results_stsb_static_tada": {
        "loss": 0.876082181930542,
        "pearson": 0.809642493724823,
        "spearman": 0.8106946619512683,
        "runtime": 0.64,
        "samples_per_second": 2343.883,
        "steps_per_second": 73.442,
        "epoch": 9.0,
        "latency_per_sample_ms": 0.4282,
        "total_samples": 1500,
        "task": "stsb",
        "method": "static_tada"
    },
    "results_rte_flex_tada": {
        "loss": 0.6627415418624878,
        "accuracy": 0.6209386281588448,
        "runtime": 0.2518,
        "samples_per_second": 1099.995,
        "steps_per_second": 35.74,
        "epoch": 5.0,
        "latency_per_sample_ms": 0.9182,
        "total_samples": 277,
        "task": "rte",
        "method": "flex_tada"
    },
    "results_mrpc_static_tada": {
        "loss": 0.5254136919975281,
        "accuracy": 0.7450980392156863,
        "f1": 0.8289473684210527,
        "runtime": 0.2591,
        "samples_per_second": 1574.722,
        "steps_per_second": 50.175,
        "epoch": 7.0,
        "latency_per_sample_ms": 0.6406,
        "total_samples": 408,
        "task": "mrpc",
        "method": "static_tada"
    },
    "results_qnli_static_tada": {
        "loss": 0.40698644518852234,
        "accuracy": 0.8330587589236683,
        "runtime": 4.2949,
        "samples_per_second": 1271.98,
        "steps_per_second": 39.815,
        "epoch": 6.0,
        "latency_per_sample_ms": 0.7866,
        "total_samples": 5463,
        "task": "qnli",
        "method": "static_tada"
    },
    "results_mnli_flex_tada": {
        "loss": 0.47777923941612244,
        "accuracy": 0.8083545593479369,
        "runtime": 6.8362,
        "samples_per_second": 1435.736,
        "steps_per_second": 44.908,
        "epoch": 5.0,
        "latency_per_sample_ms": 0.699,
        "total_samples": 9815,
        "task": "mnli",
        "method": "flex_tada"
    },
    "results_mrpc_lora": {
        "loss": 0.3070114254951477,
        "accuracy": 0.8676470588235294,
        "f1": 0.9042553191489362,
        "runtime": 0.2698,
        "samples_per_second": 1512.254,
        "steps_per_second": 48.185,
        "epoch": 9.0,
        "latency_per_sample_ms": 0.6672,
        "total_samples": 408,
        "task": "mrpc",
        "method": "lora"
    },
    "results_sst2_lora": {
        "loss": 0.19715727865695953,
        "accuracy": 0.9323394495412844,
        "runtime": 0.394,
        "samples_per_second": 2213.107,
        "steps_per_second": 71.063,
        "epoch": 4.0,
        "latency_per_sample_ms": 0.4545,
        "total_samples": 872,
        "task": "sst2",
        "method": "lora"
    },
    "results_mnli_static_tada": {
        "loss": 0.6272724270820618,
        "accuracy": 0.7475292919001528,
        "runtime": 6.8377,
        "samples_per_second": 1435.418,
        "steps_per_second": 44.898,
        "epoch": 5.0,
        "latency_per_sample_ms": 0.7007,
        "total_samples": 9815,
        "task": "mnli",
        "method": "static_tada"
    },
    "results_qqp_lora": {
        "loss": 0.2390504777431488,
        "accuracy": 0.8974523868414543,
        "f1": 0.8621583881907041,
        "runtime": 23.0502,
        "samples_per_second": 1753.999,
        "steps_per_second": 54.837,
        "epoch": 10.0,
        "latency_per_sample_ms": 0.5702,
        "total_samples": 40430,
        "task": "qqp",
        "method": "lora"
    },
    "results_rte_static_tada": {
        "loss": 0.6891807913780212,
        "accuracy": 0.5379061371841155,
        "runtime": 0.2534,
        "samples_per_second": 1093.312,
        "steps_per_second": 35.523,
        "epoch": 6.0,
        "latency_per_sample_ms": 0.9236,
        "total_samples": 277,
        "task": "rte",
        "method": "static_tada"
    },
    "results_sst2_fft": {
        "loss": 0.19825845956802368,
        "accuracy": 0.926605504587156,
        "runtime": 0.388,
        "samples_per_second": 2247.428,
        "steps_per_second": 72.165,
        "epoch": 4.0,
        "latency_per_sample_ms": 0.4475,
        "total_samples": 872,
        "task": "sst2",
        "method": "fft"
    },
    "results_sst2_static_tada": {
        "loss": 0.3184386193752289,
        "accuracy": 0.8841743119266054,
        "runtime": 0.3736,
        "samples_per_second": 2334.305,
        "steps_per_second": 74.955,
        "epoch": 4.0,
        "latency_per_sample_ms": 0.4308,
        "total_samples": 872,
        "task": "sst2",
        "method": "static_tada"
    },
    "results_stsb_flex_tada": {
        "loss": 0.5561473965644836,
        "pearson": 0.875312089920044,
        "spearman": 0.8729521906256379,
        "runtime": 0.6456,
        "samples_per_second": 2323.357,
        "steps_per_second": 72.799,
        "epoch": 7.0,
        "latency_per_sample_ms": 0.4321,
        "total_samples": 1500,
        "task": "stsb",
        "method": "flex_tada"
    },
    "results_qnli_fft": {
        "loss": 0.2207280546426773,
        "accuracy": 0.9189090243455976,
        "runtime": 4.4543,
        "samples_per_second": 1226.467,
        "steps_per_second": 38.39,
        "epoch": 5.0,
        "latency_per_sample_ms": 0.8158,
        "total_samples": 5463,
        "task": "qnli",
        "method": "fft"
    },
    "results_qqp_fft": {
        "loss": 0.2426338791847229,
        "accuracy": 0.9049468216670788,
        "f1": 0.872465403378356,
        "runtime": 22.9051,