{
    "loss": 0.5666521787643433,
    "accuracy": 0.703971119133574,
    "runtime": 0.2669,
    "samples_per_second": 1037.78,
    "steps_per_second": 33.718,
    "epoch": 9.0,
    "latency_per_sample_ms": 0.9726,
    "total_samples": 277,
    "task": "rte",
    "method": "lora"
}