{
    "loss": 0.6217784881591797,
    "accuracy": 0.6823104693140795,
    "runtime": 0.2614,
    "samples_per_second": 1059.771,
    "steps_per_second": 34.433,
    "epoch": 5.0,
    "latency_per_sample_ms": 0.9534,
    "total_samples": 277,
    "task": "rte",
    "method": "fft"
}