{
    "loss": 0.38826462626457214,
    "mcc": 0.5903776397502551,
    "runtime": 0.242,
    "samples_per_second": 4309.746,
    "steps_per_second": 136.358,
    "epoch": 5.0,
    "latency_per_sample_ms": 0.2344,
    "total_samples": 1043,
    "task": "cola",
    "method": "fft"
}