{
    "loss": 0.3347131311893463,
    "accuracy": 0.8534009398961168,
    "f1": 0.8114402061527693,
    "runtime": 22.3319,
    "samples_per_second": 1810.417,
    "steps_per_second": 56.601,
    "epoch": 5.0,
    "latency_per_sample_ms": 0.5524,
    "total_samples": 40430,
    "task": "qqp",
    "method": "static_tada"
}