{
    "loss": 0.36882326006889343,
    "accuracy": 0.8431372549019608,
    "f1": 0.8819188191881919,
    "runtime": 0.2601,
    "samples_per_second": 1568.523,
    "steps_per_second": 49.977,
    "epoch": 6.0,
    "latency_per_sample_ms": 0.6426,
    "total_samples": 408,
    "task": "mrpc",
    "method": "flex_tada"
}