{
    "loss": 0.3543259799480438,
    "accuracy": 0.869077941925624,
    "runtime": 6.9234,
    "samples_per_second": 1417.662,
    "steps_per_second": 44.343,
    "epoch": 5.0,
    "latency_per_sample_ms": 0.7094,
    "total_samples": 9815,
    "task": "mnli",
    "method": "fft"
}