{
    "loss": 0.4380175769329071,
    "pearson": 0.9049016833305359,
    "spearman": 0.9018348244111817,
    "runtime": 0.6498,
    "samples_per_second": 2308.269,
    "steps_per_second": 72.326,
    "epoch": 10.0,
    "latency_per_sample_ms": 0.4349,
    "total_samples": 1500,
    "task": "stsb",
    "method": "fft"
}