{
    "loss": 0.27106279134750366,
    "accuracy": 0.8889933217907494,
    "f1": 0.8552351461196052,
    "runtime": 22.1935,
    "samples_per_second": 1821.701,
    "steps_per_second": 56.953,
    "epoch": 6.0,
    "latency_per_sample_ms": 0.549,
    "total_samples": 40430,
    "task": "qqp",
    "method": "flex_tada"
}