{
    "loss": 0.5561473965644836,
    "pearson": 0.875312089920044,
    "spearman": 0.8729521906256379,
    "runtime": 0.6456,
    "samples_per_second": 2323.357,
    "steps_per_second": 72.799,
    "epoch": 7.0,
    "latency_per_sample_ms": 0.4321,
    "total_samples": 1500,
    "task": "stsb",
    "method": "flex_tada"
}