{
    "loss": 0.3226971924304962,
    "accuracy": 0.8588687534321802,
    "runtime": 4.3464,
    "samples_per_second": 1256.91,
    "steps_per_second": 39.343,
    "epoch": 4.0,
    "latency_per_sample_ms": 0.7961,
    "total_samples": 5463,
    "task": "qnli",
    "method": "flex_tada"
}