{
    "loss": 0.2390504777431488,
    "accuracy": 0.8974523868414543,
    "f1": 0.8621583881907041,
    "runtime": 23.0502,
    "samples_per_second": 1753.999,
    "steps_per_second": 54.837,
    "epoch": 10.0,
    "latency_per_sample_ms": 0.5702,
    "total_samples": 40430,
    "task": "qqp",
    "method": "lora"
}