{
    "loss": 0.3085007071495056,
    "accuracy": 0.8774509803921569,
    "f1": 0.9084249084249084,
    "runtime": 0.2664,
    "samples_per_second": 1531.535,
    "steps_per_second": 48.799,
    "epoch": 6.0,
    "latency_per_sample_ms": 0.6591,
    "total_samples": 408,
    "task": "mrpc",
    "method": "fft"
}