{
    "loss": 0.40698644518852234,
    "accuracy": 0.8330587589236683,
    "runtime": 4.2949,
    "samples_per_second": 1271.98,
    "steps_per_second": 39.815,
    "epoch": 6.0,
    "latency_per_sample_ms": 0.7866,
    "total_samples": 5463,
    "task": "qnli",
    "method": "static_tada"
}