{
    "loss": 0.19825845956802368,
    "accuracy": 0.926605504587156,
    "runtime": 0.388,
    "samples_per_second": 2247.428,
    "steps_per_second": 72.165,
    "epoch": 4.0,
    "latency_per_sample_ms": 0.4475,
    "total_samples": 872,
    "task": "sst2",
    "method": "fft"
}