{
    "loss": 0.19715727865695953,
    "accuracy": 0.9323394495412844,
    "runtime": 0.394,
    "samples_per_second": 2213.107,
    "steps_per_second": 71.063,
    "epoch": 4.0,
    "latency_per_sample_ms": 0.4545,
    "total_samples": 872,
    "task": "sst2",
    "method": "lora"
}