{
    "loss": 0.420010507106781,
    "pearson": 0.9020233750343323,
    "spearman": 0.900867117338523,
    "runtime": 0.6696,
    "samples_per_second": 2240.099,
    "steps_per_second": 70.19,
    "epoch": 7.0,
    "latency_per_sample_ms": 0.4485,
    "total_samples": 1500,
    "task": "stsb",
    "method": "lora"
}