{
    "loss": 0.5254136919975281,
    "accuracy": 0.7450980392156863,
    "f1": 0.8289473684210527,
    "runtime": 0.2591,
    "samples_per_second": 1574.722,
    "steps_per_second": 50.175,
    "epoch": 7.0,
    "latency_per_sample_ms": 0.6406,
    "total_samples": 408,
    "task": "mrpc",
    "method": "static_tada"
}