{
    "loss": 0.4037456810474396,
    "mcc": 0.5694944103180012,
    "runtime": 0.2396,
    "samples_per_second": 4353.029,
    "steps_per_second": 137.728,
    "epoch": 5.0,
    "latency_per_sample_ms": 0.232,
    "total_samples": 1043,
    "task": "cola",
    "method": "flex_tada"
}