{
    "loss": 0.3184386193752289,
    "accuracy": 0.8841743119266054,
    "runtime": 0.3736,
    "samples_per_second": 2334.305,
    "steps_per_second": 74.955,
    "epoch": 4.0,
    "latency_per_sample_ms": 0.4308,
    "total_samples": 872,
    "task": "sst2",
    "method": "static_tada"
}