{
    "loss": 0.6627415418624878,
    "accuracy": 0.6209386281588448,
    "runtime": 0.2518,
    "samples_per_second": 1099.995,
    "steps_per_second": 35.74,
    "epoch": 5.0,
    "latency_per_sample_ms": 0.9182,
    "total_samples": 277,
    "task": "rte",
    "method": "flex_tada"
}