{
    "loss": 0.47777923941612244,
    "accuracy": 0.8083545593479369,
    "runtime": 6.8362,
    "samples_per_second": 1435.736,
    "steps_per_second": 44.908,
    "epoch": 5.0,
    "latency_per_sample_ms": 0.699,
    "total_samples": 9815,
    "task": "mnli",
    "method": "flex_tada"
}