{
    "loss": 0.6272724270820618,
    "accuracy": 0.7475292919001528,
    "runtime": 6.8377,
    "samples_per_second": 1435.418,
    "steps_per_second": 44.898,
    "epoch": 5.0,
    "latency_per_sample_ms": 0.7007,
    "total_samples": 9815,
    "task": "mnli",
    "method": "static_tada"
}