{
    "loss": 0.6891807913780212,
    "accuracy": 0.5379061371841155,
    "runtime": 0.2534,
    "samples_per_second": 1093.312,
    "steps_per_second": 35.523,
    "epoch": 6.0,
    "latency_per_sample_ms": 0.9236,
    "total_samples": 277,
    "task": "rte",
    "method": "static_tada"
}