{
    "loss": 0.5151993632316589,
    "mcc": 0.3392550709703511,
    "runtime": 0.2391,
    "samples_per_second": 4362.553,
    "steps_per_second": 138.029,
    "epoch": 5.0,
    "latency_per_sample_ms": 0.2315,
    "total_samples": 1043,
    "task": "cola",
    "method": "static_tada"
}