{
    "loss": 0.4379033148288727,
    "mcc": 0.5241981070980204,
    "runtime": 0.274,
    "samples_per_second": 3806.037,
    "steps_per_second": 120.421,
    "epoch": 5.0,
    "latency_per_sample_ms": 0.2648,
    "total_samples": 1043,
    "task": "cola",
    "method": "lora"
}