{
    "loss": 0.20004592835903168,
    "accuracy": 0.9254587155963303,
    "runtime": 0.3826,
    "samples_per_second": 2278.905,
    "steps_per_second": 73.176,
    "epoch": 4.0,
    "latency_per_sample_ms": 0.4415,
    "total_samples": 872,
    "task": "sst2",
    "method": "flex_tada"
}