{
    "results_qqp_static_tada": {
        "loss": 0.3386991024017334,
        "accuracy": 0.8509522631709127,
        "f1": 0.8057632800412584,
        "runtime": 22.6693,
        "samples_per_second": 1783.473,
        "steps_per_second": 55.758,
        "epoch": 7.0,
        "latency_per_sample_ms": 0.5608,
        "total_samples": 40430,
        "task": "qqp",
        "method": "static_tada"
    },
    "results_cola_static_tada": {
        "loss": 0.4166671335697174,
        "mcc": 0.5301189677316009,
        "runtime": 0.2525,
        "samples_per_second": 4130.017,
        "steps_per_second": 130.672,
        "epoch": 4.0,
        "latency_per_sample_ms": 0.2446,
        "total_samples": 1043,
        "task": "cola",
        "method": "static_tada"
    },
    "results_cola_fft": {
        "loss": 0.344539076089859,
        "mcc": 0.6344757622907886,
        "runtime": 0.2508,
        "samples_per_second": 4158.33,
        "steps_per_second": 131.567,
        "epoch": 4.0,
        "latency_per_sample_ms": 0.2428,
        "total_samples": 1043,
        "task": "cola",
        "method": "fft"
    },
    "results_mnli_lora": {
        "loss": 0.31718388199806213,
        "accuracy": 0.884666327050433,
        "runtime": 7.1862,
        "samples_per_second": 1365.821,
        "steps_per_second": 42.721,
        "epoch": 7.0,
        "latency_per_sample_ms": 0.7324,
        "total_samples": 9815,
        "task": "mnli",
        "method": "lora"
    },
    "results_qnli_flex_tada": {
        "loss": 0.2624870240688324,
        "accuracy": 0.8938312282628592,
        "runtime": 4.3482,
        "samples_per_second": 1256.383,
        "steps_per_second": 39.327,
        "epoch": 4.0,
        "latency_per_sample_ms": 0.7964,
        "total_samples": 5463,
        "task": "qnli",
        "method": "flex_tada"
    },
    "results_mrpc_fft": {
        "loss": 0.30122727155685425,
        "accuracy": 0.875,
        "f1": 0.9097345132743363,
        "runtime": 0.2496,
        "samples_per_second": 1634.606,
        "steps_per_second": 52.083,
        "epoch": 5.0,
        "latency_per_sample_ms": 0.6178,
        "total_samples": 408,
        "task": "mrpc",
        "method": "fft"
    },
    "results_rte_lora": {
        "loss": 0.48122066259384155,
        "accuracy": 0.7870036101083032,
        "runtime": 0.2577,
        "samples_per_second": 1074.701,
        "steps_per_second": 34.918,
        "epoch": 7.0,
        "latency_per_sample_ms": 0.9397,
        "total_samples": 277,
        "task": "rte",
        "method": "lora"
    },
    "results_stsb_static_tada": {
        "loss": 0.6140785217285156,
        "pearson": 0.8569341897964478,
        "spearman": 0.8588045723338659,
        "runtime": 0.6287,
        "samples_per_second": 2385.81,
        "steps_per_second": 74.755,
        "epoch": 10.0,
        "latency_per_sample_ms": 0.4208,
        "total_samples": 1500,
        "task": "stsb",
        "method": "static_tada"
    },
    "results_rte_flex_tada": {
        "loss": 0.5661574602127075,
        "accuracy": 0.7545126353790613,
        "runtime": 0.2472,
        "samples_per_second": 1120.626,
        "steps_per_second": 36.41,
        "epoch": 5.0,
        "latency_per_sample_ms": 0.9017,
        "total_samples": 277,
        "task": "rte",
        "method": "flex_tada"
    },
    "results_mrpc_static_tada": {
        "loss": 0.4772411286830902,
        "accuracy": 0.7524509803921569,
        "f1": 0.8206039076376554,
        "runtime": 0.255,
        "samples_per_second": 1599.954,
        "steps_per_second": 50.979,
        "epoch": 5.0,
        "latency_per_sample_ms": 0.6311,
        "total_samples": 408,
        "task": "mrpc",
        "method": "static_tada"
    },
    "results_qnli_static_tada": {
        "loss": 0.48632946610450745,
        "accuracy": 0.7728354384038074,
        "runtime": 4.3478,
        "samples_per_second": 1256.493,
        "steps_per_second": 39.33,
        "epoch": 6.0,
        "latency_per_sample_ms": 0.7963,
        "total_samples": 5463,
        "task": "qnli",
        "method": "static_tada"
    },
    "results_mnli_flex_tada": {
        "loss": 0.4139184355735779,
        "accuracy": 0.8421803362200713,
        "runtime": 6.93,
        "samples_per_second": 1416.301,
        "steps_per_second": 44.3,
        "epoch": 4.0,
        "latency_per_sample_ms": 0.7063,
        "total_samples": 9815,
        "task": "mnli",
        "method": "flex_tada"
    },
    "results_mrpc_lora": {
        "loss": 0.2881605923175812,
        "accuracy": 0.8823529411764706,
        "f1": 0.9124087591240876,
        "runtime": 0.2679,
        "samples_per_second": 1522.746,
        "steps_per_second": 48.519,
        "epoch": 8.0,
        "latency_per_sample_ms": 0.6628,
        "total_samples": 408,
        "task": "mrpc",
        "method": "lora"
    },
    "results_sst2_lora": {
        "loss": 0.1576247662305832,
        "accuracy": 0.9506880733944955,
        "runtime": 0.3887,
        "samples_per_second": 2243.635,
        "steps_per_second": 72.043,
        "epoch": 6.0,
        "latency_per_sample_ms": 0.4485,
        "total_samples": 872,
        "task": "sst2",
        "method": "lora"
    },
    "results_mnli_static_tada": {
        "loss": 0.6608092188835144,
        "accuracy": 0.744982170147733,
        "runtime": 6.9222,
        "samples_per_second": 1417.908,
        "steps_per_second": 44.35,
        "epoch": 8.0,
        "latency_per_sample_ms": 0.7056,
        "total_samples": 9815,
        "task": "mnli",
        "method": "static_tada"
    },
    "results_qqp_lora": {
        "loss": 0.23792415857315063,
        "accuracy": 0.8984417511748701,
        "f1": 0.8658169934640523,
        "runtime": 23.6206,
        "samples_per_second": 1711.639,
        "steps_per_second": 53.513,
        "epoch": 7.0,
        "latency_per_sample_ms": 0.5843,
        "total_samples": 40430,
        "task": "qqp",
        "method": "lora"
    },
    "results_rte_static_tada": {
        "loss": 0.6769598722457886,
        "accuracy": 0.5234657039711191,
        "runtime": 0.2444,
        "samples_per_second": 1133.31,
        "steps_per_second": 36.822,
        "epoch": 4.0,
        "latency_per_sample_ms": 0.8917,
        "total_samples": 277,
        "task": "rte",
        "method": "static_tada"
    },
    "results_sst2_fft": {
        "loss": 0.18428972363471985,
        "accuracy": 0.9506880733944955,
        "runtime": 0.3717,
        "samples_per_second": 2345.681,
        "steps_per_second": 75.32,
        "epoch": 7.0,
        "latency_per_sample_ms": 0.4291,
        "total_samples": 872,
        "task": "sst2",
        "method": "fft"
    },
    "results_sst2_static_tada": {
        "loss": 0.44583824276924133,
        "accuracy": 0.8130733944954128,
        "runtime": 0.3717,
        "samples_per_second": 2345.905,
        "steps_per_second": 75.327,
        "epoch": 4.0,
        "latency_per_sample_ms": 0.4291,
        "total_samples": 872,
        "task": "sst2",
        "method": "static_tada"
    },
    "results_stsb_flex_tada": {
        "loss": 0.4509849548339844,
        "pearson": 0.8942108750343323,
        "spearman": 0.8927308359301089,
        "runtime": 0.632,
        "samples_per_second": 2373.369,
        "steps_per_second": 74.366,
        "epoch": 6.0,
        "latency_per_sample_ms": 0.423,
        "total_samples": 1500,
        "task": "stsb",
        "method": "flex_tada"
    },
    "results_qnli_fft": {
        "loss": 0.21499884128570557,
        "accuracy": 0.9231191652937946,
        "runtime": 4.3805,
        "samples_per_second": 1247.122,
        "steps_per_second": 39.037,
        "epoch": 5.0,
        "latency_per_sample_ms": 0.8023,
        "total_samples": 5463,
        "task": "qnli",
        "method": "fft"
    },
    "results_qqp_fft": {
        "loss": 0.21821406483650208,
        "accuracy": 0.9123423200593619,
        "f1": 0.8833289439030814,
        "runtime": 22.7394,