{
    "loss": 0.3386991024017334,
    "accuracy": 0.8509522631709127,
    "f1": 0.8057632800412584,
    "runtime": 22.6693,
    "samples_per_second": 1783.473,
    "steps_per_second": 55.758,
    "epoch": 7.0,
    "latency_per_sample_ms": 0.5608,
    "total_samples": 40430,
    "task": "qqp",
    "method": "static_tada"
}