{
    "loss": 0.2881605923175812,
    "accuracy": 0.8823529411764706,
    "f1": 0.9124087591240876,
    "runtime": 0.2679,
    "samples_per_second": 1522.746,
    "steps_per_second": 48.519,
    "epoch": 8.0,
    "latency_per_sample_ms": 0.6628,
    "total_samples": 408,
    "task": "mrpc",
    "method": "lora"
}