{
    "loss": 0.18428972363471985,
    "accuracy": 0.9506880733944955,
    "runtime": 0.3717,
    "samples_per_second": 2345.681,
    "steps_per_second": 75.32,
    "epoch": 7.0,
    "latency_per_sample_ms": 0.4291,
    "total_samples": 872,
    "task": "sst2",
    "method": "fft"
}