{
    "loss": 0.6608092188835144,
    "accuracy": 0.744982170147733,
    "runtime": 6.9222,
    "samples_per_second": 1417.908,
    "steps_per_second": 44.35,
    "epoch": 8.0,
    "latency_per_sample_ms": 0.7056,
    "total_samples": 9815,
    "task": "mnli",
    "method": "static_tada"
}