{
    "loss": 0.5320442318916321,
    "accuracy": 0.7689530685920578,
    "runtime": 0.2451,
    "samples_per_second": 1129.997,
    "steps_per_second": 36.715,
    "epoch": 6.0,
    "latency_per_sample_ms": 0.8939,
    "total_samples": 277,
    "task": "rte",
    "method": "fft"
}