{
    "loss": 0.3337448239326477,
    "accuracy": 0.8856851757514009,
    "runtime": 6.8768,
    "samples_per_second": 1427.264,
    "steps_per_second": 44.643,
    "epoch": 5.0,
    "latency_per_sample_ms": 0.7032,
    "total_samples": 9815,
    "task": "mnli",
    "method": "fft"
}