{
    "loss": 0.344539076089859,
    "mcc": 0.6344757622907886,
    "runtime": 0.2508,
    "samples_per_second": 4158.33,
    "steps_per_second": 131.567,
    "epoch": 4.0,
    "latency_per_sample_ms": 0.2428,
    "total_samples": 1043,
    "task": "cola",
    "method": "fft"
}