{
    "loss": 0.6769598722457886,
    "accuracy": 0.5234657039711191,
    "runtime": 0.2444,
    "samples_per_second": 1133.31,
    "steps_per_second": 36.822,
    "epoch": 4.0,
    "latency_per_sample_ms": 0.8917,
    "total_samples": 277,
    "task": "rte",
    "method": "static_tada"
}