{
    "loss": 0.30032041668891907,
    "accuracy": 0.8700980392156863,
    "f1": 0.9051878354203936,
    "runtime": 0.2524,
    "samples_per_second": 1616.241,
    "steps_per_second": 51.498,
    "epoch": 5.0,
    "latency_per_sample_ms": 0.6251,
    "total_samples": 408,
    "task": "mrpc",
    "method": "flex_tada"
}