{
    "loss": 0.26690641045570374,
    "accuracy": 0.8890427900074203,
    "f1": 0.8540188740644321,
    "runtime": 22.598,
    "samples_per_second": 1789.099,
    "steps_per_second": 55.934,
    "epoch": 5.0,
    "latency_per_sample_ms": 0.559,
    "total_samples": 40430,
    "task": "qqp",
    "method": "flex_tada"
}