{
    "loss": 0.4139184355735779,
    "accuracy": 0.8421803362200713,
    "runtime": 6.93,
    "samples_per_second": 1416.301,
    "steps_per_second": 44.3,
    "epoch": 4.0,
    "latency_per_sample_ms": 0.7063,
    "total_samples": 9815,
    "task": "mnli",
    "method": "flex_tada"
}