{
    "loss": 0.21499884128570557,
    "accuracy": 0.9231191652937946,
    "runtime": 4.3805,
    "samples_per_second": 1247.122,
    "steps_per_second": 39.037,
    "epoch": 5.0,
    "latency_per_sample_ms": 0.8023,
    "total_samples": 5463,
    "task": "qnli",
    "method": "fft"
}