{
    "loss": 0.5661574602127075,
    "accuracy": 0.7545126353790613,
    "runtime": 0.2472,
    "samples_per_second": 1120.626,
    "steps_per_second": 36.41,
    "epoch": 5.0,
    "latency_per_sample_ms": 0.9017,
    "total_samples": 277,
    "task": "rte",
    "method": "flex_tada"
}