{
    "loss": 0.2624870240688324,
    "accuracy": 0.8938312282628592,
    "runtime": 4.3482,
    "samples_per_second": 1256.383,
    "steps_per_second": 39.327,
    "epoch": 4.0,
    "latency_per_sample_ms": 0.7964,
    "total_samples": 5463,
    "task": "qnli",
    "method": "flex_tada"
}