{
    "loss": 0.4179748594760895,
    "pearson": 0.9055494070053101,
    "spearman": 0.9052872253671642,
    "runtime": 0.6233,
    "samples_per_second": 2406.41,
    "steps_per_second": 75.401,
    "epoch": 10.0,
    "latency_per_sample_ms": 0.4174,
    "total_samples": 1500,
    "task": "stsb",
    "method": "fft"
}