{
    "loss": 0.31718388199806213,
    "accuracy": 0.884666327050433,
    "runtime": 7.1862,
    "samples_per_second": 1365.821,
    "steps_per_second": 42.721,
    "epoch": 7.0,
    "latency_per_sample_ms": 0.7324,
    "total_samples": 9815,
    "task": "mnli",
    "method": "lora"
}