{
    "loss": 0.21821406483650208,
    "accuracy": 0.9123423200593619,
    "f1": 0.8833289439030814,
    "runtime": 22.7394,
    "samples_per_second": 1777.971,
    "steps_per_second": 55.586,
    "epoch": 5.0,
    "latency_per_sample_ms": 0.5625,
    "total_samples": 40430,
    "task": "qqp",
    "method": "fft"
}