{
    "loss": 0.4166671335697174,
    "mcc": 0.5301189677316009,
    "runtime": 0.2525,
    "samples_per_second": 4130.017,
    "steps_per_second": 130.672,
    "epoch": 4.0,
    "latency_per_sample_ms": 0.2446,
    "total_samples": 1043,
    "task": "cola",
    "method": "static_tada"
}