{
    "loss": 0.6990153193473816,
    "accuracy": 0.4729241877256318,
    "runtime": 0.3941,
    "samples_per_second": 702.801,
    "steps_per_second": 22.835,
    "epoch": 5.0,
    "latency_per_sample_ms": 1.4324,
    "total_samples": 277,
    "task": "rte",
    "method": "static_tada"
}