{
    "loss": 0.44336143136024475,
    "accuracy": 0.8165137614678899,
    "runtime": 0.5596,
    "samples_per_second": 1558.131,
    "steps_per_second": 50.032,
    "epoch": 4.0,
    "latency_per_sample_ms": 0.6448,
    "total_samples": 872,
    "task": "sst2",
    "method": "static_tada"
}