{
    "loss": 0.35006600618362427,
    "mcc": 0.6056612573992737,
    "runtime": 0.4588,
    "samples_per_second": 2273.249,
    "steps_per_second": 71.924,
    "epoch": 4.0,
    "latency_per_sample_ms": 0.4425,
    "total_samples": 1043,
    "task": "cola",
    "method": "fft"
}