{
    "loss": 0.4481513500213623,
    "accuracy": 0.8194945848375451,
    "runtime": 0.4003,
    "samples_per_second": 691.934,
    "steps_per_second": 22.482,
    "epoch": 5.0,
    "latency_per_sample_ms": 1.4549,
    "total_samples": 277,
    "task": "rte",
    "method": "fft"
}