{
    "loss": 2.395641326904297,
    "pearson": 0.09211888164281845,
    "spearman": 0.10009925755660509,
    "runtime": 0.9895,
    "samples_per_second": 1515.873,
    "steps_per_second": 47.497,
    "epoch": 4.0,
    "latency_per_sample_ms": 0.6614,
    "total_samples": 1500,
    "task": "stsb",
    "method": "lora"
}