{
    "loss": 0.5622426867485046,
    "accuracy": 0.7279411764705882,
    "f1": 0.806282722513089,
    "runtime": 0.3708,
    "samples_per_second": 1100.2,
    "steps_per_second": 35.055,
    "epoch": 7.0,
    "latency_per_sample_ms": 0.9154,
    "total_samples": 408,
    "task": "mrpc",
    "method": "static_tada"
}