{
    "loss": 0.2910814881324768,
    "accuracy": 0.899745287824758,
    "runtime": 10.1805,
    "samples_per_second": 964.1,
    "steps_per_second": 30.156,
    "epoch": 5.0,
    "latency_per_sample_ms": 1.0375,
    "total_samples": 9815,
    "task": "mnli",
    "method": "fft"
}