{
    "loss": 1.4419434070587158,
    "pearson": 0.6830597519874573,
    "spearman": 0.6793511835261259,
    "runtime": 0.9489,
    "samples_per_second": 1580.781,
    "steps_per_second": 49.531,
    "epoch": 10.0,
    "latency_per_sample_ms": 0.6341,
    "total_samples": 1500,
    "task": "stsb",
    "method": "static_tada"
}