{
    "loss": 0.32015982270240784,
    "accuracy": 0.8771268466632705,
    "runtime": 9.9466,
    "samples_per_second": 986.767,
    "steps_per_second": 30.865,
    "epoch": 4.0,
    "latency_per_sample_ms": 1.0137,
    "total_samples": 9815,
    "task": "mnli",
    "method": "flex_tada"
}