{
    "loss": 0.3716047704219818,
    "accuracy": 0.8267148014440433,
    "runtime": 0.3969,
    "samples_per_second": 697.959,
    "steps_per_second": 22.677,
    "epoch": 5.0,
    "latency_per_sample_ms": 1.4429,
    "total_samples": 277,
    "task": "rte",
    "method": "flex_tada"
}