{
    "loss": 0.31816956400871277,
    "accuracy": 0.8687534321801208,
    "runtime": 6.3807,
    "samples_per_second": 856.173,
    "steps_per_second": 26.799,
    "epoch": 5.0,
    "latency_per_sample_ms": 1.1684,
    "total_samples": 5463,
    "task": "qnli",
    "method": "static_tada"
}