{
    "loss": 0.20996509492397308,
    "accuracy": 0.9142468464011873,
    "f1": 0.885596436231645,
    "runtime": 34.2281,
    "samples_per_second": 1181.193,
    "steps_per_second": 36.929,
    "epoch": 10.0,
    "latency_per_sample_ms": 0.8467,
    "total_samples": 40430,
    "task": "qqp",
    "method": "lora"
}