{
    "loss": 0.36184731125831604,
    "mcc": 0.6408545460827202,
    "runtime": 0.4543,
    "samples_per_second": 2295.638,
    "steps_per_second": 72.633,
    "epoch": 4.0,
    "latency_per_sample_ms": 0.438,
    "total_samples": 1043,
    "task": "cola",
    "method": "flex_tada"
}