{
    "loss": 0.4296852648258209,
    "mcc": 0.5468969938757886,
    "runtime": 0.4543,
    "samples_per_second": 2295.723,
    "steps_per_second": 72.636,
    "epoch": 6.0,
    "latency_per_sample_ms": 0.438,
    "total_samples": 1043,
    "task": "cola",
    "method": "static_tada"
}