{
    "loss": 0.13795891404151917,
    "accuracy": 0.9564220183486238,
    "runtime": 0.5847,
    "samples_per_second": 1491.391,
    "steps_per_second": 47.889,
    "epoch": 6.0,
    "latency_per_sample_ms": 0.6732,
    "total_samples": 872,
    "task": "sst2",
    "method": "lora"
}