{
    "loss": 0.2834268808364868,
    "accuracy": 0.8799019607843137,
    "f1": 0.9129662522202486,
    "runtime": 0.3893,
    "samples_per_second": 1048.009,
    "steps_per_second": 33.392,
    "epoch": 8.0,
    "latency_per_sample_ms": 0.9605,
    "total_samples": 408,
    "task": "mrpc",
    "method": "lora"
}