{
    "loss": 0.267838716506958,
    "accuracy": 0.9044319918492104,
    "runtime": 10.3597,
    "samples_per_second": 947.425,
    "steps_per_second": 29.634,
    "epoch": 7.0,
    "latency_per_sample_ms": 1.0558,
    "total_samples": 9815,
    "task": "mnli",
    "method": "lora"
}