{
    "results_qqp_static_tada": {
        "loss": 0.3534236252307892,
        "accuracy": 0.8433836260202819,
        "f1": 0.7915185038851574,
        "runtime": 24.5906,
        "samples_per_second": 1644.124,
        "steps_per_second": 51.402,
        "epoch": 6.0,
        "latency_per_sample_ms": 0.6083,
        "total_samples": 40430,
        "task": "qqp",
        "method": "static_tada"
    },
    "results_cola_static_tada": {
        "loss": 0.5472241044044495,
        "mcc": 0.3298179354368534,
        "runtime": 0.2553,
        "samples_per_second": 4086.053,
        "steps_per_second": 129.281,
        "epoch": 5.0,
        "latency_per_sample_ms": 0.247,
        "total_samples": 1043,
        "task": "cola",
        "method": "static_tada"
    },
    "results_cola_fft": {
        "loss": 0.44404131174087524,
        "mcc": 0.5858661515147512,
        "runtime": 0.2555,
        "samples_per_second": 4081.802,
        "steps_per_second": 129.146,
        "epoch": 5.0,
        "latency_per_sample_ms": 0.2474,
        "total_samples": 1043,
        "task": "cola",
        "method": "fft"
    },
    "results_mnli_lora": {
        "loss": 0.4337252974510193,
        "accuracy": 0.8347427407030056,
        "runtime": 7.8375,
        "samples_per_second": 1252.315,
        "steps_per_second": 39.171,
        "epoch": 10.0,
        "latency_per_sample_ms": 0.7988,
        "total_samples": 9815,
        "task": "mnli",
        "method": "lora"
    },
    "results_qnli_flex_tada": {
        "loss": 0.34059712290763855,
        "accuracy": 0.8522789676002197,
        "runtime": 4.7824,
        "samples_per_second": 1142.302,
        "steps_per_second": 35.756,
        "epoch": 4.0,
        "latency_per_sample_ms": 0.8759,
        "total_samples": 5463,
        "task": "qnli",
        "method": "flex_tada"
    },
    "results_mrpc_fft": {
        "loss": 0.39290541410446167,
        "accuracy": 0.8259803921568627,
        "f1": 0.8802698145025295,
        "runtime": 0.277,
        "samples_per_second": 1473.188,
        "steps_per_second": 46.94,
        "epoch": 5.0,
        "latency_per_sample_ms": 0.6849,
        "total_samples": 408,
        "task": "mrpc",
        "method": "fft"
    },
    "results_rte_lora": {
        "loss": 0.6139788031578064,
        "accuracy": 0.6714801444043321,
        "runtime": 0.2908,
        "samples_per_second": 952.387,
        "steps_per_second": 30.944,
        "epoch": 6.0,
        "latency_per_sample_ms": 1.0585,
        "total_samples": 277,
        "task": "rte",
        "method": "lora"
    },
    "results_stsb_static_tada": {
        "loss": 0.6288987398147583,
        "pearson": 0.8503530621528625,
        "spearman": 0.8489268964868106,
        "runtime": 0.6818,
        "samples_per_second": 2200.17,
        "steps_per_second": 68.939,
        "epoch": 5.0,
        "latency_per_sample_ms": 0.4562,
        "total_samples": 1500,
        "task": "stsb",
        "method": "static_tada"
    },
    "results_rte_flex_tada": {
        "loss": 0.6665031313896179,
        "accuracy": 0.6137184115523465,
        "runtime": 0.2789,
        "samples_per_second": 993.101,
        "steps_per_second": 32.267,
        "epoch": 4.0,
        "latency_per_sample_ms": 1.0158,
        "total_samples": 277,
        "task": "rte",
        "method": "flex_tada"
    },
    "results_mrpc_static_tada": {
        "loss": 0.6020169258117676,
        "accuracy": 0.7132352941176471,
        "f1": 0.8115942028985508,
        "runtime": 0.2798,
        "samples_per_second": 1458.218,
        "steps_per_second": 46.463,
        "epoch": 4.0,
        "latency_per_sample_ms": 0.6915,
        "total_samples": 408,
        "task": "mrpc",
        "method": "static_tada"
    },
    "results_qnli_static_tada": {
        "loss": 0.46626362204551697,
        "accuracy": 0.780523521874428,
        "runtime": 4.7359,
        "samples_per_second": 1153.538,
        "steps_per_second": 36.107,
        "epoch": 4.0,
        "latency_per_sample_ms": 0.8673,
        "total_samples": 5463,
        "task": "qnli",
        "method": "static_tada"
    },
    "results_mnli_flex_tada": {
        "loss": 0.5834671258926392,
        "accuracy": 0.7608762098828324,
        "runtime": 7.5306,
        "samples_per_second": 1303.345,
        "steps_per_second": 40.767,
        "epoch": 5.0,
        "latency_per_sample_ms": 0.7675,
        "total_samples": 9815,
        "task": "mnli",
        "method": "flex_tada"
    },
    "results_mrpc_lora": {
        "loss": 0.33757102489471436,
        "accuracy": 0.8553921568627451,
        "f1": 0.8952042628774423,
        "runtime": 0.2889,
        "samples_per_second": 1412.038,
        "steps_per_second": 44.991,
        "epoch": 7.0,
        "latency_per_sample_ms": 0.7156,
        "total_samples": 408,
        "task": "mrpc",
        "method": "lora"
    },
    "results_sst2_lora": {
        "loss": 0.2154235690832138,
        "accuracy": 0.9185779816513762,
        "runtime": 0.4185,
        "samples_per_second": 2083.751,
        "steps_per_second": 66.909,
        "epoch": 4.0,
        "latency_per_sample_ms": 0.4828,
        "total_samples": 872,
        "task": "sst2",
        "method": "lora"
    },
    "results_mnli_static_tada": {
        "loss": 0.7891428470611572,
        "accuracy": 0.65206316861946,
        "runtime": 7.4912,
        "samples_per_second": 1310.207,
        "steps_per_second": 40.982,
        "epoch": 5.0,
        "latency_per_sample_ms": 0.7649,
        "total_samples": 9815,
        "task": "mnli",
        "method": "static_tada"
    },
    "results_qqp_lora": {
        "loss": 0.24875211715698242,
        "accuracy": 0.8953499876329458,
        "f1": 0.8586604309336897,
        "runtime": 25.2415,
        "samples_per_second": 1601.728,
        "steps_per_second": 50.076,
        "epoch": 10.0,
        "latency_per_sample_ms": 0.6244,
        "total_samples": 40430,
        "task": "qqp",
        "method": "lora"
    },
    "results_rte_static_tada": {
        "loss": 0.6842570900917053,
        "accuracy": 0.555956678700361,
        "runtime": 0.2807,
        "samples_per_second": 986.771,
        "steps_per_second": 32.061,
        "epoch": 5.0,
        "latency_per_sample_ms": 1.0228,
        "total_samples": 277,
        "task": "rte",
        "method": "static_tada"
    },
    "results_sst2_fft": {
        "loss": 0.24918650090694427,
        "accuracy": 0.9162844036697247,
        "runtime": 0.4005,
        "samples_per_second": 2177.419,
        "steps_per_second": 69.917,
        "epoch": 4.0,
        "latency_per_sample_ms": 0.462,
        "total_samples": 872,
        "task": "sst2",
        "method": "fft"
    },
    "results_sst2_static_tada": {
        "loss": 0.3733718693256378,
        "accuracy": 0.8360091743119266,
        "runtime": 0.3982,
        "samples_per_second": 2189.614,
        "steps_per_second": 70.309,
        "epoch": 4.0,
        "latency_per_sample_ms": 0.4596,
        "total_samples": 872,
        "task": "sst2",
        "method": "static_tada"
    },
    "results_stsb_flex_tada": {
        "loss": 0.559054434299469,
        "pearson": 0.8744611144065857,
        "spearman": 0.8711234687246735,
        "runtime": 0.6781,
        "samples_per_second": 2212.197,
        "steps_per_second": 69.316,
        "epoch": 5.0,
        "latency_per_sample_ms": 0.4535,
        "total_samples": 1500,
        "task": "stsb",
        "method": "flex_tada"
    },
    "results_qnli_fft": {
        "loss": 0.23072952032089233,
        "accuracy": 0.9119531393007505,
        "runtime": 4.7443,
        "samples_per_second": 1151.493,
        "steps_per_second": 36.043,
        "epoch": 5.0,
        "latency_per_sample_ms": 0.8689,
        "total_samples": 5463,
        "task": "qnli",
        "method": "fft"
    },
    "results_qqp_fft": {
        "loss": 0.23865264654159546,
        "accuracy": 0.9039821914419985,
        "f1": 0.8714909957627118,