{
    "results_qqp_static_tada": {
        "loss": 0.2936006188392639,
        "accuracy": 0.8815730892901311,
        "f1": 0.8429133858267717,
        "runtime": 32.9937,
        "samples_per_second": 1225.386,
        "steps_per_second": 38.31,
        "epoch": 5.0,
        "latency_per_sample_ms": 0.8161,
        "total_samples": 40430,
        "task": "qqp",
        "method": "static_tada"
    },
    "results_cola_static_tada": {
        "loss": 0.4296852648258209,
        "mcc": 0.5468969938757886,
        "runtime": 0.4543,
        "samples_per_second": 2295.723,
        "steps_per_second": 72.636,
        "epoch": 6.0,
        "latency_per_sample_ms": 0.438,
        "total_samples": 1043,
        "task": "cola",
        "method": "static_tada"
    },
    "results_cola_fft": {
        "loss": 0.35006600618362427,
        "mcc": 0.6056612573992737,
        "runtime": 0.4588,
        "samples_per_second": 2273.249,
        "steps_per_second": 71.924,
        "epoch": 4.0,
        "latency_per_sample_ms": 0.4425,
        "total_samples": 1043,
        "task": "cola",
        "method": "fft"
    },
    "results_mnli_lora": {
        "loss": 0.267838716506958,
        "accuracy": 0.9044319918492104,
        "runtime": 10.3597,
        "samples_per_second": 947.425,
        "steps_per_second": 29.634,
        "epoch": 7.0,
        "latency_per_sample_ms": 1.0558,
        "total_samples": 9815,
        "task": "mnli",
        "method": "lora"
    },
    "results_qnli_flex_tada": {
        "loss": 0.20336440205574036,
        "accuracy": 0.9209225700164745,
        "runtime": 6.3785,
        "samples_per_second": 856.466,
        "steps_per_second": 26.809,
        "epoch": 4.0,
        "latency_per_sample_ms": 1.1681,
        "total_samples": 5463,
        "task": "qnli",
        "method": "flex_tada"
    },
    "results_mrpc_fft": {
        "loss": 0.29619911313056946,
        "accuracy": 0.8995098039215687,
        "f1": 0.925589836660617,
        "runtime": 0.3803,
        "samples_per_second": 1072.732,
        "steps_per_second": 34.18,
        "epoch": 6.0,
        "latency_per_sample_ms": 0.938,
        "total_samples": 408,
        "task": "mrpc",
        "method": "fft"
    },
    "results_rte_lora": {
        "loss": 0.39825567603111267,
        "accuracy": 0.8447653429602888,
        "runtime": 0.4086,
        "samples_per_second": 677.942,
        "steps_per_second": 22.027,
        "epoch": 6.0,
        "latency_per_sample_ms": 1.485,
        "total_samples": 277,
        "task": "rte",
        "method": "lora"
    },
    "results_stsb_static_tada": {
        "loss": 1.4419434070587158,
        "pearson": 0.6830597519874573,
        "spearman": 0.6793511835261259,
        "runtime": 0.9489,
        "samples_per_second": 1580.781,
        "steps_per_second": 49.531,
        "epoch": 10.0,
        "latency_per_sample_ms": 0.6341,
        "total_samples": 1500,
        "task": "stsb",
        "method": "static_tada"
    },
    "results_rte_flex_tada": {
        "loss": 0.3716047704219818,
        "accuracy": 0.8267148014440433,
        "runtime": 0.3969,
        "samples_per_second": 697.959,
        "steps_per_second": 22.677,
        "epoch": 5.0,
        "latency_per_sample_ms": 1.4429,
        "total_samples": 277,
        "task": "rte",
        "method": "flex_tada"
    },
    "results_mrpc_static_tada": {
        "loss": 0.5622426867485046,
        "accuracy": 0.7279411764705882,
        "f1": 0.806282722513089,
        "runtime": 0.3708,
        "samples_per_second": 1100.2,
        "steps_per_second": 35.055,
        "epoch": 7.0,
        "latency_per_sample_ms": 0.9154,
        "total_samples": 408,
        "task": "mrpc",
        "method": "static_tada"
    },
    "results_qnli_static_tada": {
        "loss": 0.31816956400871277,
        "accuracy": 0.8687534321801208,
        "runtime": 6.3807,
        "samples_per_second": 856.173,
        "steps_per_second": 26.799,
        "epoch": 5.0,
        "latency_per_sample_ms": 1.1684,
        "total_samples": 5463,
        "task": "qnli",
        "method": "static_tada"
    },
    "results_mnli_flex_tada": {
        "loss": 0.32015982270240784,
        "accuracy": 0.8771268466632705,
        "runtime": 9.9466,
        "samples_per_second": 986.767,
        "steps_per_second": 30.865,
        "epoch": 4.0,
        "latency_per_sample_ms": 1.0137,
        "total_samples": 9815,
        "task": "mnli",
        "method": "flex_tada"
    },
    "results_mrpc_lora": {
        "loss": 0.2834268808364868,
        "accuracy": 0.8799019607843137,
        "f1": 0.9129662522202486,
        "runtime": 0.3893,
        "samples_per_second": 1048.009,
        "steps_per_second": 33.392,
        "epoch": 8.0,
        "latency_per_sample_ms": 0.9605,
        "total_samples": 408,
        "task": "mrpc",
        "method": "lora"
    },
    "results_sst2_lora": {
        "loss": 0.13795891404151917,
        "accuracy": 0.9564220183486238,
        "runtime": 0.5847,
        "samples_per_second": 1491.391,
        "steps_per_second": 47.889,
        "epoch": 6.0,
        "latency_per_sample_ms": 0.6732,
        "total_samples": 872,
        "task": "sst2",
        "method": "lora"
    },
    "results_mnli_static_tada": {
        "loss": 0.6163530349731445,
        "accuracy": 0.7494651044319919,
        "runtime": 10.0319,
        "samples_per_second": 978.38,
        "steps_per_second": 30.602,
        "epoch": 5.0,
        "latency_per_sample_ms": 1.0224,
        "total_samples": 9815,
        "task": "mnli",
        "method": "static_tada"
    },
    "results_qqp_lora": {
        "loss": 0.20996509492397308,
        "accuracy": 0.9142468464011873,
        "f1": 0.885596436231645,
        "runtime": 34.2281,
        "samples_per_second": 1181.193,
        "steps_per_second": 36.929,
        "epoch": 10.0,
        "latency_per_sample_ms": 0.8467,
        "total_samples": 40430,
        "task": "qqp",
        "method": "lora"
    },
    "results_rte_static_tada": {
        "loss": 0.6990153193473816,
        "accuracy": 0.4729241877256318,
        "runtime": 0.3941,
        "samples_per_second": 702.801,
        "steps_per_second": 22.835,
        "epoch": 5.0,
        "latency_per_sample_ms": 1.4324,
        "total_samples": 277,
        "task": "rte",
        "method": "static_tada"
    },
    "results_sst2_fft": {
        "loss": 0.14891111850738525,
        "accuracy": 0.9552752293577982,
        "runtime": 0.5719,
        "samples_per_second": 1524.807,
        "steps_per_second": 48.962,
        "epoch": 5.0,
        "latency_per_sample_ms": 0.6585,
        "total_samples": 872,
        "task": "sst2",
        "method": "fft"
    },
    "results_sst2_static_tada": {
        "loss": 0.44336143136024475,
        "accuracy": 0.8165137614678899,
        "runtime": 0.5596,
        "samples_per_second": 1558.131,
        "steps_per_second": 50.032,
        "epoch": 4.0,
        "latency_per_sample_ms": 0.6448,
        "total_samples": 872,
        "task": "sst2",
        "method": "static_tada"
    },
    "results_stsb_flex_tada": {
        "loss": 0.4576873481273651,
        "pearson": 0.9048646688461304,
        "spearman": 0.9030597238319216,
        "runtime": 0.9548,
        "samples_per_second": 1571.053,
        "steps_per_second": 49.226,
        "epoch": 8.0,
        "latency_per_sample_ms": 0.6383,
        "total_samples": 1500,
        "task": "stsb",
        "method": "flex_tada"
    },
    "results_qnli_fft": {
        "loss": 0.17374446988105774,
        "accuracy": 0.9366648361706023,
        "runtime": 6.4856,
        "samples_per_second": 842.329,
        "steps_per_second": 26.366,
        "epoch": 5.0,
        "latency_per_sample_ms": 1.1877,
        "total_samples": 5463,
        "task": "qnli",
        "method": "fft"
    },
    "results_qqp_fft": {
        "loss": 0.21230965852737427,
        "accuracy": 0.9186989859015583,
        "f1": 0.8923741855211028,