{
    "20": {
        "loss": 0.6901746988296509,
        "accuracy": 0.5234657039711191,
        "runtime": 0.2521,
        "samples_per_second": 1098.888,
        "steps_per_second": 35.704,
        "epoch": 10.0,
        "latency_per_sample_ms": 0.9197,
        "total_samples": 277,
        "task": "rte",
        "method": "flex_tada"
    },
    "36": {
        "loss": 0.6907666921615601,
        "accuracy": 0.5270758122743683,
        "runtime": 0.2607,
        "samples_per_second": 1062.649,
        "steps_per_second": 34.527,
        "epoch": 4.0,
        "latency_per_sample_ms": 0.9493,
        "total_samples": 277,
        "task": "rte",
        "method": "lora"
    },
    "16": {
        "loss": 1.095424771308899,
        "accuracy": 0.3629139072847682,
        "runtime": 7.0819,
        "samples_per_second": 1385.926,
        "steps_per_second": 43.35,
        "epoch": 10.0,
        "latency_per_sample_ms": 0.7218,
        "total_samples": 9815,
        "task": "mnli",
        "method": "lora"
    },
    "6": {
        "loss": 1.0973926782608032,
        "accuracy": 0.3464085583290881,
        "runtime": 6.8125,
        "samples_per_second": 1440.729,
        "steps_per_second": 45.064,
        "epoch": 8.0,
        "latency_per_sample_ms": 0.6944,
        "total_samples": 9815,
        "task": "mnli",
        "method": "flex_tada"
    },
    "7": {
        "loss": 1.0936676263809204,
        "accuracy": 0.37982679572083544,
        "runtime": 6.8389,
        "samples_per_second": 1435.178,
        "steps_per_second": 44.89,
        "epoch": 10.0,
        "latency_per_sample_ms": 0.6971,
        "total_samples": 9815,
        "task": "mnli",
        "method": "flex_tada"
    },
    "17": {
        "loss": 1.0979115962982178,
        "accuracy": 0.3348955680081508,
        "runtime": 7.0854,
        "samples_per_second": 1385.246,
        "steps_per_second": 43.329,
        "epoch": 6.0,
        "latency_per_sample_ms": 0.7223,
        "total_samples": 9815,
        "task": "mnli",
        "method": "lora"
    },
    "21": {
        "loss": 0.6895169019699097,
        "accuracy": 0.5415162454873647,
        "runtime": 0.2503,
        "samples_per_second": 1106.674,
        "steps_per_second": 35.957,
        "epoch": 9.0,
        "latency_per_sample_ms": 0.9131,
        "total_samples": 277,
        "task": "rte",
        "method": "flex_tada"
    },
    "10": {
        "loss": 1.1001888513565063,
        "accuracy": 0.3544574630667346,
        "runtime": 6.9045,
        "samples_per_second": 1421.544,
        "steps_per_second": 44.464,
        "epoch": 4.0,
        "latency_per_sample_ms": 0.7038,
        "total_samples": 9815,
        "task": "mnli",
        "method": "lora"
    },
    "26": {
        "loss": 0.6907344460487366,
        "accuracy": 0.5342960288808665,
        "runtime": 0.2476,
        "samples_per_second": 1118.775,
        "steps_per_second": 36.35,
        "epoch": 6.0,
        "latency_per_sample_ms": 0.9023,
        "total_samples": 277,
        "task": "rte",
        "method": "flex_tada"
    },
    "30": {
        "loss": 0.6943572163581848,
        "accuracy": 0.4729241877256318,
        "runtime": 0.2618,
        "samples_per_second": 1058.248,
        "steps_per_second": 34.384,
        "epoch": 4.0,
        "latency_per_sample_ms": 0.9553,
        "total_samples": 277,
        "task": "rte",
        "method": "lora"
    },
    "31": {
        "loss": 0.6917482614517212,
        "accuracy": 0.5270758122743683,
        "runtime": 0.2599,
        "samples_per_second": 1066.0,
        "steps_per_second": 34.635,
        "epoch": 5.0,
        "latency_per_sample_ms": 0.9504,
        "total_samples": 277,
        "task": "rte",
        "method": "lora"
    },
    "27": {
        "loss": 0.686384379863739,
        "accuracy": 0.5703971119133574,
        "runtime": 0.2483,
        "samples_per_second": 1115.55,
        "steps_per_second": 36.245,
        "epoch": 6.0,
        "latency_per_sample_ms": 0.9051,
        "total_samples": 277,
        "task": "rte",
        "method": "flex_tada"
    },
    "1": {
        "loss": 1.1001888513565063,
        "accuracy": 0.3544574630667346,
        "runtime": 6.6705,
        "samples_per_second": 1471.406,
        "steps_per_second": 46.024,
        "epoch": 4.0,
        "latency_per_sample_ms": 0.6799,
        "total_samples": 9815,
        "task": "mnli",
        "method": "flex_tada"
    },
    "11": {
        "loss": 1.098493218421936,
        "accuracy": 0.3544574630667346,
        "runtime": 7.0661,
        "samples_per_second": 1389.018,
        "steps_per_second": 43.447,
        "epoch": 5.0,
        "latency_per_sample_ms": 0.7202,
        "total_samples": 9815,
        "task": "mnli",
        "method": "lora"
    },
    "2": {
        "loss": 1.1034002304077148,
        "accuracy": 0.3544574630667346,
        "runtime": 6.7645,
        "samples_per_second": 1450.962,
        "steps_per_second": 45.384,
        "epoch": 5.0,
        "latency_per_sample_ms": 0.6895,
        "total_samples": 9815,
        "task": "mnli",
        "method": "flex_tada"
    },
    "28": {
        "loss": 0.6923434734344482,
        "accuracy": 0.5270758122743683,
        "runtime": 0.2652,
        "samples_per_second": 1044.643,
        "steps_per_second": 33.941,
        "epoch": 6.0,
        "latency_per_sample_ms": 0.9695,
        "total_samples": 277,
        "task": "rte",
        "method": "lora"
    },
    "12": {
        "loss": 1.1126198768615723,
        "accuracy": 0.31818644931227713,
        "runtime": 7.0819,
        "samples_per_second": 1385.935,
        "steps_per_second": 43.35,
        "epoch": 4.0,
        "latency_per_sample_ms": 0.7219,
        "total_samples": 9815,
        "task": "mnli",
        "method": "lora"
    },
    "32": {
        "loss": 0.6907508373260498,
        "accuracy": 0.5270758122743683,
        "runtime": 0.2599,
        "samples_per_second": 1065.925,
        "steps_per_second": 34.633,
        "epoch": 9.0,
        "latency_per_sample_ms": 0.9478,
        "total_samples": 277,
        "task": "rte",
        "method": "lora"
    },
    "24": {
        "loss": 0.6857168674468994,
        "accuracy": 0.5523465703971119,
        "runtime": 0.2501,
        "samples_per_second": 1107.531,
        "steps_per_second": 35.985,
        "epoch": 10.0,
        "latency_per_sample_ms": 0.912,
        "total_samples": 277,
        "task": "rte",
        "method": "flex_tada"
    },
    "25": {
        "loss": 0.6882535815238953,
        "accuracy": 0.5451263537906137,
        "runtime": 0.2502,
        "samples_per_second": 1107.252,
        "steps_per_second": 35.976,
        "epoch": 9.0,
        "latency_per_sample_ms": 0.9121,
        "total_samples": 277,
        "task": "rte",
        "method": "flex_tada"
    },
    "33": {
        "loss": 0.6879870891571045,
        "accuracy": 0.5379061371841155,
        "runtime": 0.2601,
        "samples_per_second": 1064.789,
        "steps_per_second": 34.596,
        "epoch": 10.0,
        "latency_per_sample_ms": 0.948,
        "total_samples": 277,
        "task": "rte",
        "method": "lora"
    },
    "13": {
        "loss": 1.0992927551269531,
        "accuracy": 0.3544574630667346,
        "runtime": 7.062,
        "samples_per_second": 1389.83,
        "steps_per_second": 43.472,
        "epoch": 4.0,
        "latency_per_sample_ms": 0.7198,
        "total_samples": 9815,
        "task": "mnli",
        "method": "lora"
    },
    "29": {
        "loss": 0.6913812160491943,
        "accuracy": 0.5270758122743683,
        "runtime": 0.2621,
        "samples_per_second": 1056.801,
        "steps_per_second": 34.336,
        "epoch": 8.0,
        "latency_per_sample_ms": 0.955,
        "total_samples": 277,
        "task": "rte",
        "method": "lora"
    },
    "3": {
        "loss": 1.1126198768615723,
        "accuracy": 0.31818644931227713,
        "runtime": 6.7781,