{
    "loss": 1.1001888513565063,
    "accuracy": 0.3544574630667346,
    "runtime": 6.6705,
    "samples_per_second": 1471.406,
    "steps_per_second": 46.024,
    "epoch": 4.0,
    "latency_per_sample_ms": 0.6799,
    "total_samples": 9815,
    "task": "mnli",
    "method": "flex_tada"
}