{
    "loss": 1.1001888513565063,
    "accuracy": 0.3544574630667346,
    "runtime": 6.9045,
    "samples_per_second": 1421.544,
    "steps_per_second": 44.464,
    "epoch": 4.0,
    "latency_per_sample_ms": 0.7038,
    "total_samples": 9815,
    "task": "mnli",
    "method": "lora"
}