{
    "loss": 1.1126198768615723,
    "accuracy": 0.31818644931227713,
    "runtime": 7.0819,
    "samples_per_second": 1385.935,
    "steps_per_second": 43.35,
    "epoch": 4.0,
    "latency_per_sample_ms": 0.7219,
    "total_samples": 9815,
    "task": "mnli",
    "method": "lora"
}