{
    "loss": 1.0980721712112427,
    "accuracy": 0.3543555781966378,
    "runtime": 7.0763,
    "samples_per_second": 1387.024,
    "steps_per_second": 43.384,
    "epoch": 10.0,
    "latency_per_sample_ms": 0.7213,
    "total_samples": 9815,
    "task": "mnli",
    "method": "lora"
}