{
    "loss": 1.095424771308899,
    "accuracy": 0.3629139072847682,
    "runtime": 7.0819,
    "samples_per_second": 1385.926,
    "steps_per_second": 43.35,
    "epoch": 10.0,
    "latency_per_sample_ms": 0.7218,
    "total_samples": 9815,
    "task": "mnli",
    "method": "lora"
}