{
    "loss": 1.0979115962982178,
    "accuracy": 0.3348955680081508,
    "runtime": 7.0854,
    "samples_per_second": 1385.246,
    "steps_per_second": 43.329,
    "epoch": 6.0,
    "latency_per_sample_ms": 0.7223,
    "total_samples": 9815,
    "task": "mnli",
    "method": "lora"
}