{
    "loss": 1.0972793102264404,
    "accuracy": 0.3544574630667346,
    "runtime": 7.0827,
    "samples_per_second": 1385.77,
    "steps_per_second": 43.345,
    "epoch": 6.0,
    "latency_per_sample_ms": 0.7219,
    "total_samples": 9815,
    "task": "mnli",
    "method": "lora"
}