{
    "loss": 0.6937958598136902,
    "accuracy": 0.47653429602888087,
    "runtime": 0.2543,
    "samples_per_second": 1089.078,
    "steps_per_second": 35.385,
    "epoch": 5.0,
    "latency_per_sample_ms": 0.9274,
    "total_samples": 277,
    "task": "rte",
    "method": "flex_tada"
}