{
    "loss": 0.6901746988296509,
    "accuracy": 0.5234657039711191,
    "runtime": 0.2521,
    "samples_per_second": 1098.888,
    "steps_per_second": 35.704,
    "epoch": 10.0,
    "latency_per_sample_ms": 0.9197,
    "total_samples": 277,
    "task": "rte",
    "method": "flex_tada"
}