{
    "loss": 0.6895169019699097,
    "accuracy": 0.5415162454873647,
    "runtime": 0.2503,
    "samples_per_second": 1106.674,
    "steps_per_second": 35.957,
    "epoch": 9.0,
    "latency_per_sample_ms": 0.9131,
    "total_samples": 277,
    "task": "rte",
    "method": "flex_tada"
}