{
    "loss": 0.6915897130966187,
    "accuracy": 0.5270758122743683,
    "runtime": 0.2491,
    "samples_per_second": 1112.162,
    "steps_per_second": 36.135,
    "epoch": 5.0,
    "latency_per_sample_ms": 0.9077,
    "total_samples": 277,
    "task": "rte",
    "method": "flex_tada"
}