{
    "loss": 0.6915183067321777,
    "accuracy": 0.5270758122743683,
    "runtime": 0.2494,
    "samples_per_second": 1110.555,
    "steps_per_second": 36.083,
    "epoch": 4.0,
    "latency_per_sample_ms": 0.9099,
    "total_samples": 277,
    "task": "rte",
    "method": "flex_tada"
}