{
    "loss": 0.6857168674468994,
    "accuracy": 0.5523465703971119,
    "runtime": 0.2501,
    "samples_per_second": 1107.531,
    "steps_per_second": 35.985,
    "epoch": 10.0,
    "latency_per_sample_ms": 0.912,
    "total_samples": 277,
    "task": "rte",
    "method": "flex_tada"
}