{
    "loss": 0.686384379863739,
    "accuracy": 0.5703971119133574,
    "runtime": 0.2483,
    "samples_per_second": 1115.55,
    "steps_per_second": 36.245,
    "epoch": 6.0,
    "latency_per_sample_ms": 0.9051,
    "total_samples": 277,
    "task": "rte",
    "method": "flex_tada"
}