{
    "loss": 0.6923434734344482,
    "accuracy": 0.5270758122743683,
    "runtime": 0.2652,
    "samples_per_second": 1044.643,
    "steps_per_second": 33.941,
    "epoch": 6.0,
    "latency_per_sample_ms": 0.9695,
    "total_samples": 277,
    "task": "rte",
    "method": "lora"
}