{
    "loss": 0.6913812160491943,
    "accuracy": 0.5270758122743683,
    "runtime": 0.2621,
    "samples_per_second": 1056.801,
    "steps_per_second": 34.336,
    "epoch": 8.0,
    "latency_per_sample_ms": 0.955,
    "total_samples": 277,
    "task": "rte",
    "method": "lora"
}