{
    "loss": 1.1126198768615723,
    "accuracy": 0.31818644931227713,
    "runtime": 6.7781,
    "samples_per_second": 1448.047,
    "steps_per_second": 45.293,
    "epoch": 4.0,
    "latency_per_sample_ms": 0.6909,
    "total_samples": 9815,
    "task": "mnli",
    "method": "flex_tada"
}