{
    "loss": 0.6943572163581848,
    "accuracy": 0.4729241877256318,
    "runtime": 0.2618,
    "samples_per_second": 1058.248,
    "steps_per_second": 34.384,
    "epoch": 4.0,
    "latency_per_sample_ms": 0.9553,
    "total_samples": 277,
    "task": "rte",
    "method": "lora"
}