{
    "loss": 0.6917482614517212,
    "accuracy": 0.5270758122743683,
    "runtime": 0.2599,
    "samples_per_second": 1066.0,
    "steps_per_second": 34.635,
    "epoch": 5.0,
    "latency_per_sample_ms": 0.9504,
    "total_samples": 277,
    "task": "rte",
    "method": "lora"
}