{
    "loss": 0.6879870891571045,
    "accuracy": 0.5379061371841155,
    "runtime": 0.2601,
    "samples_per_second": 1064.789,
    "steps_per_second": 34.596,
    "epoch": 10.0,
    "latency_per_sample_ms": 0.948,
    "total_samples": 277,
    "task": "rte",
    "method": "lora"
}