{
    "loss": 0.6891207098960876,
    "accuracy": 0.5234657039711191,
    "runtime": 0.2604,
    "samples_per_second": 1063.852,
    "steps_per_second": 34.566,
    "epoch": 10.0,
    "latency_per_sample_ms": 0.9507,
    "total_samples": 277,
    "task": "rte",
    "method": "lora"
}