{
    "loss": 0.6914365887641907,
    "accuracy": 0.5270758122743683,
    "runtime": 0.2606,
    "samples_per_second": 1063.113,
    "steps_per_second": 34.542,
    "epoch": 4.0,
    "latency_per_sample_ms": 0.9528,
    "total_samples": 277,
    "task": "rte",
    "method": "lora"
}