{
    "loss": 0.6907666921615601,
    "accuracy": 0.5270758122743683,
    "runtime": 0.2607,
    "samples_per_second": 1062.649,
    "steps_per_second": 34.527,
    "epoch": 4.0,
    "latency_per_sample_ms": 0.9493,
    "total_samples": 277,
    "task": "rte",
    "method": "lora"
}