{
    "loss": 1.0980525016784668,
    "accuracy": 0.3544574630667346,
    "runtime": 6.7873,
    "samples_per_second": 1446.077,
    "steps_per_second": 45.231,
    "epoch": 4.0,
    "latency_per_sample_ms": 0.6918,
    "total_samples": 9815,
    "task": "mnli",
    "method": "flex_tada"
}