{
    "loss": 1.0938210487365723,
    "accuracy": 0.35537442689760573,
    "runtime": 6.8034,
    "samples_per_second": 1442.665,
    "steps_per_second": 45.125,
    "epoch": 9.0,
    "latency_per_sample_ms": 0.6934,
    "total_samples": 9815,
    "task": "mnli",
    "method": "flex_tada"
}