{
    "loss": 0.5472241044044495,
    "mcc": 0.3298179354368534,
    "runtime": 0.2553,
    "samples_per_second": 4086.053,
    "steps_per_second": 129.281,
    "epoch": 5.0,
    "latency_per_sample_ms": 0.247,
    "total_samples": 1043,
    "task": "cola",
    "method": "static_tada"
}