{
    "loss": 0.24875211715698242,
    "accuracy": 0.8953499876329458,
    "f1": 0.8586604309336897,
    "runtime": 25.2415,
    "samples_per_second": 1601.728,
    "steps_per_second": 50.076,
    "epoch": 10.0,
    "latency_per_sample_ms": 0.6244,
    "total_samples": 40430,
    "task": "qqp",
    "method": "lora"
}