{
    "loss": 0.6518529057502747,
    "accuracy": 0.628158844765343,
    "runtime": 0.2798,
    "samples_per_second": 989.963,
    "steps_per_second": 32.165,
    "epoch": 5.0,
    "latency_per_sample_ms": 1.0188,
    "total_samples": 277,
    "task": "rte",
    "method": "fft"
}