{
    "loss": 0.4337252974510193,
    "accuracy": 0.8347427407030056,
    "runtime": 7.8375,
    "samples_per_second": 1252.315,
    "steps_per_second": 39.171,
    "epoch": 10.0,
    "latency_per_sample_ms": 0.7988,
    "total_samples": 9815,
    "task": "mnli",
    "method": "lora"
}