{
    "loss": 0.29431992769241333,
    "accuracy": 0.8746970071728914,
    "f1": 0.827098976109215,
    "runtime": 24.1706,
    "samples_per_second": 1672.693,
    "steps_per_second": 52.295,
    "epoch": 6.0,
    "latency_per_sample_ms": 0.5979,
    "total_samples": 40430,
    "task": "qqp",
    "method": "flex_tada"
}