{
    "loss": 0.25282081961631775,
    "accuracy": 0.8967889908256881,
    "runtime": 0.3962,
    "samples_per_second": 2200.917,
    "steps_per_second": 70.672,
    "epoch": 4.0,
    "latency_per_sample_ms": 0.4572,
    "total_samples": 872,
    "task": "sst2",
    "method": "flex_tada"
}