{
    "loss": 0.44404131174087524,
    "mcc": 0.5858661515147512,
    "runtime": 0.2555,
    "samples_per_second": 4081.802,
    "steps_per_second": 129.146,
    "epoch": 5.0,
    "latency_per_sample_ms": 0.2474,
    "total_samples": 1043,
    "task": "cola",
    "method": "fft"
}