{
    "loss": 0.6842570900917053,
    "accuracy": 0.555956678700361,
    "runtime": 0.2807,
    "samples_per_second": 986.771,
    "steps_per_second": 32.061,
    "epoch": 5.0,
    "latency_per_sample_ms": 1.0228,
    "total_samples": 277,
    "task": "rte",
    "method": "static_tada"
}