{
    "loss": 0.46626362204551697,
    "accuracy": 0.780523521874428,
    "runtime": 4.7359,
    "samples_per_second": 1153.538,
    "steps_per_second": 36.107,
    "epoch": 4.0,
    "latency_per_sample_ms": 0.8673,
    "total_samples": 5463,
    "task": "qnli",
    "method": "static_tada"
}