{
    "loss": 0.4830324053764343,
    "accuracy": 0.7990196078431373,
    "f1": 0.8651315789473685,
    "runtime": 0.2771,
    "samples_per_second": 1472.6,
    "steps_per_second": 46.921,
    "epoch": 5.0,
    "latency_per_sample_ms": 0.6849,
    "total_samples": 408,
    "task": "mrpc",
    "method": "flex_tada"
}