{
    "loss": 0.4789263904094696,
    "mcc": 0.44428318348755624,
    "runtime": 0.2547,
    "samples_per_second": 4094.624,
    "steps_per_second": 129.552,
    "epoch": 5.0,
    "latency_per_sample_ms": 0.2467,
    "total_samples": 1043,
    "task": "cola",
    "method": "flex_tada"
}