{
    "loss": 0.4309829771518707,
    "mcc": 0.5232427655095763,
    "runtime": 0.2945,
    "samples_per_second": 3541.345,
    "steps_per_second": 112.046,
    "epoch": 5.0,
    "latency_per_sample_ms": 0.2848,
    "total_samples": 1043,
    "task": "cola",
    "method": "lora"
}