{
    "loss": 0.24918650090694427,
    "accuracy": 0.9162844036697247,
    "runtime": 0.4005,
    "samples_per_second": 2177.419,
    "steps_per_second": 69.917,
    "epoch": 4.0,
    "latency_per_sample_ms": 0.462,
    "total_samples": 872,
    "task": "sst2",
    "method": "fft"
}