{
    "loss": 0.5004940629005432,
    "pearson": 0.8835120797157288,
    "spearman": 0.8802612668375897,
    "runtime": 0.6864,
    "samples_per_second": 2185.247,
    "steps_per_second": 68.471,
    "epoch": 7.0,
    "latency_per_sample_ms": 0.4593,
    "total_samples": 1500,
    "task": "stsb",
    "method": "fft"
}