{
    "loss": 0.7891428470611572,
    "accuracy": 0.65206316861946,
    "runtime": 7.4912,
    "samples_per_second": 1310.207,
    "steps_per_second": 40.982,
    "epoch": 5.0,
    "latency_per_sample_ms": 0.7649,
    "total_samples": 9815,
    "task": "mnli",
    "method": "static_tada"
}