{
    "loss": 0.6288987398147583,
    "pearson": 0.8503530621528625,
    "spearman": 0.8489268964868106,
    "runtime": 0.6818,
    "samples_per_second": 2200.17,
    "steps_per_second": 68.939,
    "epoch": 5.0,
    "latency_per_sample_ms": 0.4562,
    "total_samples": 1500,
    "task": "stsb",
    "method": "static_tada"
}