{
    "loss": 0.33757102489471436,
    "accuracy": 0.8553921568627451,
    "f1": 0.8952042628774423,
    "runtime": 0.2889,
    "samples_per_second": 1412.038,
    "steps_per_second": 44.991,
    "epoch": 7.0,
    "latency_per_sample_ms": 0.7156,
    "total_samples": 408,
    "task": "mrpc",
    "method": "lora"
}