{
    "loss": 0.6665031313896179,
    "accuracy": 0.6137184115523465,
    "runtime": 0.2789,
    "samples_per_second": 993.101,
    "steps_per_second": 32.267,
    "epoch": 4.0,
    "latency_per_sample_ms": 1.0158,
    "total_samples": 277,
    "task": "rte",
    "method": "flex_tada"
}