{
    "loss": 0.23829993605613708,
    "accuracy": 0.9044481054365733,
    "runtime": 4.8782,
    "samples_per_second": 1119.883,
    "steps_per_second": 35.054,
    "epoch": 6.0,
    "latency_per_sample_ms": 0.8934,
    "total_samples": 5463,
    "task": "qnli",
    "method": "lora"
}