{
    "loss": 0.42100754380226135,
    "accuracy": 0.8436067244014264,
    "runtime": 7.5744,
    "samples_per_second": 1295.811,
    "steps_per_second": 40.531,
    "epoch": 5.0,
    "latency_per_sample_ms": 0.7766,
    "total_samples": 9815,
    "task": "mnli",
    "method": "fft"
}