{
    "loss": 0.23865264654159546,
    "accuracy": 0.9039821914419985,
    "f1": 0.8714909957627118,
    "runtime": 24.6245,
    "samples_per_second": 1641.862,
    "steps_per_second": 51.331,
    "epoch": 5.0,
    "latency_per_sample_ms": 0.6091,
    "total_samples": 40430,
    "task": "qqp",
    "method": "fft"
}