{
    "loss": 0.4205310046672821,
    "accuracy": 0.8348623853211009,
    "runtime": 0.3728,
    "samples_per_second": 2338.796,
    "steps_per_second": 75.099,
    "epoch": 4.0,
    "latency_per_sample_ms": 0.4304,
    "total_samples": 872,
    "task": "sst2",
    "method": "flex_tada"
}