{
    "loss": 0.20041364431381226,
    "accuracy": 0.9220183486238532,
    "runtime": 0.3827,
    "samples_per_second": 2278.628,
    "steps_per_second": 73.167,
    "epoch": 4.0,
    "latency_per_sample_ms": 0.4417,
    "total_samples": 872,
    "task": "sst2",
    "method": "flex_tada"
}