{
    "1": {
        "loss": 0.4205310046672821,
        "accuracy": 0.8348623853211009,
        "runtime": 0.3728,
        "samples_per_second": 2338.796,
        "steps_per_second": 75.099,
        "epoch": 4.0,
        "latency_per_sample_ms": 0.4304,
        "total_samples": 872,
        "task": "sst2",
        "method": "flex_tada"
    },
    "2": {
        "loss": 0.23136888444423676,
        "accuracy": 0.9151376146788991,
        "runtime": 0.3776,
        "samples_per_second": 2309.225,
        "steps_per_second": 74.149,
        "epoch": 4.0,
        "latency_per_sample_ms": 0.4363,
        "total_samples": 872,
        "task": "sst2",
        "method": "flex_tada"
    },
    "3": {
        "loss": 0.20041364431381226,
        "accuracy": 0.9220183486238532,
        "runtime": 0.3827,
        "samples_per_second": 2278.628,
        "steps_per_second": 73.167,
        "epoch": 4.0,
        "latency_per_sample_ms": 0.4417,
        "total_samples": 872,
        "task": "sst2",
        "method": "flex_tada"
    },
    "4": {
        "loss": 0.20004592835903168,
        "accuracy": 0.9254587155963303,
        "runtime": 0.3809,
        "samples_per_second": 2289.386,
        "steps_per_second": 73.512,
        "epoch": 4.0,
        "latency_per_sample_ms": 0.4393,
        "total_samples": 872,
        "task": "sst2",
        "method": "flex_tada"
    }
}